{"errors":[],"warnings":[],"namedChunkGroups":{"app":{"chunks":[13,4],"assets":["webpack-runtime-4b26f70d422595b64690.js","webpack-runtime-4b26f70d422595b64690.js.map","app-fa94f686e02210c485f9.js","app-fa94f686e02210c485f9.js.map"],"children":{},"childAssets":{}},"component---node-modules-gatsby-plugin-offline-app-shell-js":{"chunks":[5],"assets":["component---node-modules-gatsby-plugin-offline-app-shell-js-3071901c8f05eb75a7c7.js","component---node-modules-gatsby-plugin-offline-app-shell-js-3071901c8f05eb75a7c7.js.map"],"children":{},"childAssets":{}},"component---src-templates-blog-post-tsx":{"chunks":[0,2,1,11],"assets":["0.e8283d9c2882b8376f69.css","0-d77a35602219bb1b5ac1.js","0-d77a35602219bb1b5ac1.js.map","2-6775d89e93b1090d2b77.js","2-6775d89e93b1090d2b77.js.map","1.167869f1fbf881085fa7.css","1-755f1dcfced30e1a136c.js","1-755f1dcfced30e1a136c.js.map","component---src-templates-blog-post-tsx-65adfc92b0f23329ae7f.js","component---src-templates-blog-post-tsx-65adfc92b0f23329ae7f.js.map"],"children":{},"childAssets":{}},"component---src-templates-tags-page-tsx":{"chunks":[0,2,3,1,12],"assets":["0.e8283d9c2882b8376f69.css","0-d77a35602219bb1b5ac1.js","0-d77a35602219bb1b5ac1.js.map","2-6775d89e93b1090d2b77.js","2-6775d89e93b1090d2b77.js.map","3-97790cfc48796c13a6b1.js","3-97790cfc48796c13a6b1.js.map","1.167869f1fbf881085fa7.css","1-755f1dcfced30e1a136c.js","1-755f1dcfced30e1a136c.js.map","component---src-templates-tags-page-tsx-688f3b13aaef1dc5bb9b.js","component---src-templates-tags-page-tsx-688f3b13aaef1dc5bb9b.js.map"],"children":{},"childAssets":{}},"component---src-templates-blog-page-tsx":{"chunks":[0,2,3,1,10],"assets":["0.e8283d9c2882b8376f69.css","0-d77a35602219bb1b5ac1.js","0-d77a35602219bb1b5ac1.js.map","2-6775d89e93b1090d2b77.js","2-6775d89e93b1090d2b77.js.map","3-97790cfc48796c13a6b1.js","3-97790cfc48796c13a6b1.js.map","1.167869f1fbf881085fa7.css","1-755f1dcfced30e1a136c.js","1-755f1dcfced30e1a136c.js.map","component---src-templates-blog-page-tsx-2c7a87a09664fce91c96.js","component---src-templates-blog-page-tsx-2c7a87a09664fce91c96.js.map"],"children":{},"childAssets":{}},"component---src-pages-404-tsx":{"chunks":[0,1,6],"assets":["0.e8283d9c2882b8376f69.css","0-d77a35602219bb1b5ac1.js","0-d77a35602219bb1b5ac1.js.map","1.167869f1fbf881085fa7.css","1-755f1dcfced30e1a136c.js","1-755f1dcfced30e1a136c.js.map","component---src-pages-404-tsx-a7d67867ce74b16a570a.js","component---src-pages-404-tsx-a7d67867ce74b16a570a.js.map"],"children":{},"childAssets":{}},"component---src-pages-about-tsx":{"chunks":[0,1,7],"assets":["0.e8283d9c2882b8376f69.css","0-d77a35602219bb1b5ac1.js","0-d77a35602219bb1b5ac1.js.map","1.167869f1fbf881085fa7.css","1-755f1dcfced30e1a136c.js","1-755f1dcfced30e1a136c.js.map","component---src-pages-about-tsx-d9683dec05f923207d4f.js","component---src-pages-about-tsx-d9683dec05f923207d4f.js.map"],"children":{},"childAssets":{}},"component---src-pages-blog-tsx":{"chunks":[0,2,3,1,8],"assets":["0.e8283d9c2882b8376f69.css","0-d77a35602219bb1b5ac1.js","0-d77a35602219bb1b5ac1.js.map","2-6775d89e93b1090d2b77.js","2-6775d89e93b1090d2b77.js.map","3-97790cfc48796c13a6b1.js","3-97790cfc48796c13a6b1.js.map","1.167869f1fbf881085fa7.css","1-755f1dcfced30e1a136c.js","1-755f1dcfced30e1a136c.js.map","component---src-pages-blog-tsx-e31bd3a182a9ba2fcb85.js","component---src-pages-blog-tsx-e31bd3a182a9ba2fcb85.js.map"],"children":{},"childAssets":{}},"component---src-pages-index-tsx":{"chunks":[0,1,9],"assets":["0.e8283d9c2882b8376f69.css","0-d77a35602219bb1b5ac1.js","0-d77a35602219bb1b5ac1.js.map","1.167869f1fbf881085fa7.css","1-755f1dcfced30e1a136c.js","1-755f1dcfced30e1a136c.js.map","component---src-pages-index-tsx-e4c7d7008bc2ab8677cd.js","component---src-pages-index-tsx-e4c7d7008bc2ab8677cd.js.map"],"children":{},"childAssets":{}}},"assetsByChunkName":{"app":["webpack-runtime-4b26f70d422595b64690.js","app-fa94f686e02210c485f9.js"],"component---node-modules-gatsby-plugin-offline-app-shell-js":["component---node-modules-gatsby-plugin-offline-app-shell-js-3071901c8f05eb75a7c7.js"],"component---src-templates-blog-post-tsx":["0.e8283d9c2882b8376f69.css","0-d77a35602219bb1b5ac1.js","2-6775d89e93b1090d2b77.js","1.167869f1fbf881085fa7.css","1-755f1dcfced30e1a136c.js","component---src-templates-blog-post-tsx-65adfc92b0f23329ae7f.js"],"component---src-templates-tags-page-tsx":["0.e8283d9c2882b8376f69.css","0-d77a35602219bb1b5ac1.js","2-6775d89e93b1090d2b77.js","3-97790cfc48796c13a6b1.js","1.167869f1fbf881085fa7.css","1-755f1dcfced30e1a136c.js","component---src-templates-tags-page-tsx-688f3b13aaef1dc5bb9b.js"],"component---src-templates-blog-page-tsx":["0.e8283d9c2882b8376f69.css","0-d77a35602219bb1b5ac1.js","2-6775d89e93b1090d2b77.js","3-97790cfc48796c13a6b1.js","1.167869f1fbf881085fa7.css","1-755f1dcfced30e1a136c.js","component---src-templates-blog-page-tsx-2c7a87a09664fce91c96.js"],"component---src-pages-404-tsx":["0.e8283d9c2882b8376f69.css","0-d77a35602219bb1b5ac1.js","1.167869f1fbf881085fa7.css","1-755f1dcfced30e1a136c.js","component---src-pages-404-tsx-a7d67867ce74b16a570a.js"],"component---src-pages-about-tsx":["0.e8283d9c2882b8376f69.css","0-d77a35602219bb1b5ac1.js","1.167869f1fbf881085fa7.css","1-755f1dcfced30e1a136c.js","component---src-pages-about-tsx-d9683dec05f923207d4f.js"],"component---src-pages-blog-tsx":["0.e8283d9c2882b8376f69.css","0-d77a35602219bb1b5ac1.js","2-6775d89e93b1090d2b77.js","3-97790cfc48796c13a6b1.js","1.167869f1fbf881085fa7.css","1-755f1dcfced30e1a136c.js","component---src-pages-blog-tsx-e31bd3a182a9ba2fcb85.js"],"component---src-pages-index-tsx":["0.e8283d9c2882b8376f69.css","0-d77a35602219bb1b5ac1.js","1.167869f1fbf881085fa7.css","1-755f1dcfced30e1a136c.js","component---src-pages-index-tsx-e4c7d7008bc2ab8677cd.js"]}}